<?xml version="1.0" encoding="UTF-8"?>
<!DOCTYPE mapper
        PUBLIC "-//mybatis.org//DTD Mapper 3.0//EN"
        "http://mybatis.org/dtd/mybatis-3-mapper.dtd">
<mapper namespace="org.zjsru.mapper.BookMapper">

    <resultMap id="BaseResultMap" type="org.zjsru.domain.Book">
            <id property="bid" column="bid" jdbcType="INTEGER"/>
            <result property="bname" column="bname" jdbcType="VARCHAR"/>
            <result property="bpress" column="bpress" jdbcType="VARCHAR"/>
    </resultMap>

    <sql id="Base_Column_List">
        bid,bname,bpress
    </sql>

    <select id="selectByPrimaryKey" parameterType="java.lang.Long" resultMap="BaseResultMap">
        select
        <include refid="Base_Column_List" />
        from book
        where  bid = #{bid,jdbcType=INTEGER} 
    </select>
    <select id="selectAll" resultType="org.zjsru.domain.Book">
        select * from book;
    </select>

    <delete id="deleteByPrimaryKey" parameterType="java.lang.Long">
        delete from book
        where  bid = #{bid,jdbcType=INTEGER} 
    </delete>
    <insert id="insert" keyColumn="bid" keyProperty="bid" parameterType="org.zjsru.domain.Book" useGeneratedKeys="true">
        insert into book
        ( bid,bname,bpress
        )
        values (#{bid,jdbcType=INTEGER},#{bname,jdbcType=VARCHAR},#{bpress,jdbcType=VARCHAR}
        )
    </insert>
    <insert id="insertSelective" keyColumn="bid" keyProperty="bid" parameterType="org.zjsru.domain.Book" useGeneratedKeys="true">
        insert into book
        <trim prefix="(" suffix=")" suffixOverrides=",">
                <if test="bid != null">bid,</if>
                <if test="bname != null">bname,</if>
                <if test="bpress != null">bpress,</if>
        </trim>
        <trim prefix="values (" suffix=")" suffixOverrides=",">
                <if test="bid != null">#{bid,jdbcType=INTEGER},</if>
                <if test="bname != null">#{bname,jdbcType=VARCHAR},</if>
                <if test="bpress != null">#{bpress,jdbcType=VARCHAR},</if>
        </trim>
    </insert>
    <update id="updateByPrimaryKeySelective" parameterType="org.zjsru.domain.Book">
        update book
        <set>
                <if test="bname != null">
                    bname = #{bname,jdbcType=VARCHAR},
                </if>
                <if test="bpress != null">
                    bpress = #{bpress,jdbcType=VARCHAR},
                </if>
        </set>
        where   bid = #{bid,jdbcType=INTEGER} 
    </update>
    <update id="updateByPrimaryKey" parameterType="org.zjsru.domain.Book">
        update book
        set 
            bname =  #{bname,jdbcType=VARCHAR},
            bpress =  #{bpress,jdbcType=VARCHAR}
        where   bid = #{bid,jdbcType=INTEGER} 
    </update>
</mapper>
