<?xml version="1.0" encoding="UTF-8"?>
<!DOCTYPE mapper
        PUBLIC "-//mybatis.org//DTD Mapper 3.0//EN"
        "http://mybatis.org/dtd/mybatis-3-mapper.dtd">
<mapper namespace="org.zjsru.mapper.CustomerMapper">

<!--    <resultMap id="BaseResultMap" type="org.zjsru.domain.Customer">
            <id property="id" column="id" jdbcType="INTEGER"/>
            <result property="username" column="username" jdbcType="VARCHAR"/>
            <result property="jobs" column="jobs" jdbcType="VARCHAR"/>
            <result property="phone" column="phone" jdbcType="VARCHAR"/>
    </resultMap>-->

    <sql id="Base_Column_List">
        id,username,jobs,
        phone
    </sql>
    <sql id="somecolumn">
        id, username,jobs,phone
    </sql>
    <resultMap id="customerMap" type="org.zjsru.domain.Customer">
        <id column="id" property="id"/>
        <result column="username" property="username"/>
        <result column="jobs" property="cjobs"/>
        <result column="phone" property="cphone"/>
    </resultMap>
    <select id="findAll" resultMap="customerMap">
        select * from t_customer
    </select>

    <!--根据顾客的姓名和职业查询-->
    <select id="findCustomerByNameAndJobs" resultType="org.zjsru.domain.Customer">

        /*select * from t_customer where 1=1*/
        select * from t_customer
         <where>
             <if test="username != null and username !=''">
                 and username = #{username}
             </if>
             <if test="jobs != null and jobs != ''">
                 and jobs = #{jobs}
             </if>
         </where>


    </select>
    <select id="findCustomerByNameOrJobs" resultType="org.zjsru.domain.Customer">
        /*select * from t_customer where 1=1*/
        select * from t_customer
        <trim prefix="where" prefixOverrides="and">
        /*条件判断*/
        <choose>
            <when test="username != null and username != ''">
                and username LIKE CONCAT('%',#{username},'%')
            </when>
            <when test="jobs != null and jobs != ''">
                and jobs = #{jobs}
            </when>
            <otherwise>
                and phone is not null
            </otherwise>

        </choose>
        </trim>
    </select>
    <select id="findCustomerByArray" resultType="org.zjsru.domain.Customer">
        SELECT * FROM t_customer WHERE id in
               <foreach collection="array" open="(" separator="," close=")" item="cid">
                    #{cid}
               </foreach>
    </select>
    <select id="findCustomerByList" resultType="org.zjsru.domain.Customer">
        SELECT * FROM t_customer WHERE id in
        <foreach collection="list" open="(" separator="," close=")" item="cid">
            #{cid}
        </foreach>
    </select>

    <delete id="deleteByPrimaryKey" parameterType="java.lang.Long">
        delete from t_customer
        where  id = #{id,jdbcType=INTEGER} 
    </delete>
    <insert id="insert" keyColumn="id" keyProperty="id" parameterType="org.zjsru.domain.Customer" useGeneratedKeys="true">
        insert into t_customer
        ( id,username,jobs
        ,phone)
        values (#{id,jdbcType=INTEGER},#{username,jdbcType=VARCHAR},#{jobs,jdbcType=VARCHAR}
        ,#{phone,jdbcType=VARCHAR})
    </insert>
    <insert id="insertSelective" keyColumn="id" keyProperty="id" parameterType="org.zjsru.domain.Customer" useGeneratedKeys="true">
        insert into t_customer
        <trim prefix="(" suffix=")" suffixOverrides=",">
                <if test="id != null">id,</if>
                <if test="username != null">username,</if>
                <if test="jobs != null">jobs,</if>
                <if test="phone != null">phone,</if>
        </trim>
        <trim prefix="values (" suffix=")" suffixOverrides=",">
                <if test="id != null">#{id,jdbcType=INTEGER},</if>
                <if test="username != null">#{username,jdbcType=VARCHAR},</if>
                <if test="jobs != null">#{jobs,jdbcType=VARCHAR},</if>
                <if test="phone != null">#{phone,jdbcType=VARCHAR},</if>
        </trim>
    </insert>
    <update id="updateByPrimaryKeySelective" parameterType="org.zjsru.domain.Customer">
        update t_customer
        <set>
                <if test="username != null">
                    username = #{username,jdbcType=VARCHAR},
                </if>
                <if test="jobs != null">
                    jobs = #{jobs,jdbcType=VARCHAR},
                </if>
                <if test="phone != null">
                    phone = #{phone,jdbcType=VARCHAR},
                </if>
        </set>
        where   id = #{id,jdbcType=INTEGER} 
    </update>
    <update id="updateByPrimaryKey" parameterType="org.zjsru.domain.Customer">
        update t_customer
        <set>
            <if test="username != null and username != ''">
                username =  #{username},
            </if>
            <if test="jobs != null and jobs != ''">
                jobs = #{jobs},
            </if>
            <if test="phone != null and phone != ''">
                phone =  #{phone}
            </if>
        </set>
        where  id = #{id}
    </update>
</mapper>
