<?xml version="1.0" encoding="UTF-8"?>
<!DOCTYPE mapper
        PUBLIC "-//mybatis.org//DTD Mapper 3.0//EN"
        "http://mybatis.org/dtd/mybatis-3-mapper.dtd">
<mapper namespace="org.zjsru.mapper.DeptMapper">

    <resultMap id="BaseResultMap" type="org.zjsru.domain.Dept">
        <id property="id" column="id" jdbcType="INTEGER"/>
        <result property="username" column="username" jdbcType="VARCHAR"/>
        <result property="address" column="address" jdbcType="VARCHAR"/>
    </resultMap>

    <resultMap id="DeptWithOrderMap" type="org.zjsru.domain.Dept">
        <id property="id" column="id"/>
        <result property="username" column="deptname"/>
        <result property="address" column="address"/>
        <collection property="ordersList" ofType="org.zjsru.domain.Emp">
            <id property="id" column="id"/>
            <id property="name" column="name"/>
            <id property="age" column="age"/>
            <id property="depId" column="dep_id"/>
        </collection>
    </resultMap>
    <sql id="Base_Column_List">
        id,username,address
    </sql>

    <select id="selectByPrimaryKey" parameterType="java.lang.Long" resultMap="BaseResultMap">
        select
        <include refid="Base_Column_List" />
        from tb_dept
        where  id = #{id,jdbcType=INTEGER}
    </select>
    <select id="findDeptWithOrders" resultMap="DeptWithOrderMap">
        select d.*,e.name,e.dep_id,e.age from tb_dept d join tb_emp e on d.id=e.dep_id where d.id=#{id}
    </select>

    <delete id="deleteByPrimaryKey" parameterType="java.lang.Long">
        delete from tb_dept
        where  id = #{id,jdbcType=INTEGER}
    </delete>
    <insert id="insert" keyColumn="id" keyProperty="id" parameterType="org.zjsru.domain.Dept" useGeneratedKeys="true">
        insert into tb_dept
        ( id,username,address
        )
        values (#{id,jdbcType=INTEGER},#{username,jdbcType=VARCHAR},#{address,jdbcType=VARCHAR}
               )
    </insert>
    <insert id="insertSelective" keyColumn="id" keyProperty="id" parameterType="org.zjsru.domain.Dept" useGeneratedKeys="true">
        insert into tb_dept
        <trim prefix="(" suffix=")" suffixOverrides=",">
            <if test="id != null">id,</if>
            <if test="username != null">username,</if>
            <if test="address != null">address,</if>
        </trim>
        <trim prefix="values (" suffix=")" suffixOverrides=",">
            <if test="id != null">#{id,jdbcType=INTEGER},</if>
            <if test="username != null">#{username,jdbcType=VARCHAR},</if>
            <if test="address != null">#{address,jdbcType=VARCHAR},</if>
        </trim>
    </insert>
    <update id="updateByPrimaryKeySelective" parameterType="org.zjsru.domain.Dept">
        update tb_dept
        <set>
            <if test="username != null">
                username = #{username,jdbcType=VARCHAR},
            </if>
            <if test="address != null">
                address = #{address,jdbcType=VARCHAR},
            </if>
        </set>
        where   id = #{id,jdbcType=INTEGER}
    </update>
    <update id="updateByPrimaryKey" parameterType="org.zjsru.domain.Dept">
        update tb_dept
        set
            username =  #{username,jdbcType=VARCHAR},
            address =  #{address,jdbcType=VARCHAR}
        where   id = #{id,jdbcType=INTEGER}
    </update>
</mapper>
