<?xml version="1.0" encoding="UTF-8"?>
<!DOCTYPE mapper
        PUBLIC "-//mybatis.org//DTD Mapper 3.0//EN"
        "http://mybatis.org/dtd/mybatis-3-mapper.dtd">
<mapper namespace="org.zjsru.mapper.IdcardMapper">

    <resultMap id="BaseResultMap" type="org.zjsru.domain.Idcard">
            <id property="id" column="id" jdbcType="INTEGER"/>
            <result property="code" column="code" jdbcType="VARCHAR"/>
    </resultMap>

    <sql id="Base_Column_List">
        id,code
    </sql>

    <select id="selectByPrimaryKey" parameterType="java.lang.Long" resultMap="BaseResultMap">
        select
        <include refid="Base_Column_List" />
        from tb_idcard
        where  id = #{id,jdbcType=INTEGER} 
    </select>

    <delete id="deleteByPrimaryKey" parameterType="java.lang.Long">
        delete from tb_idcard
        where  id = #{id,jdbcType=INTEGER} 
    </delete>
    <insert id="insert" keyColumn="id" keyProperty="id" parameterType="org.zjsru.domain.Idcard" useGeneratedKeys="true">
        insert into tb_idcard
        ( id,code)
        values (#{id,jdbcType=INTEGER},#{code,jdbcType=VARCHAR})
    </insert>
    <insert id="insertSelective" keyColumn="id" keyProperty="id" parameterType="org.zjsru.domain.Idcard" useGeneratedKeys="true">
        insert into tb_idcard
        <trim prefix="(" suffix=")" suffixOverrides=",">
                <if test="id != null">id,</if>
                <if test="code != null">code,</if>
        </trim>
        <trim prefix="values (" suffix=")" suffixOverrides=",">
                <if test="id != null">#{id,jdbcType=INTEGER},</if>
                <if test="code != null">#{code,jdbcType=VARCHAR},</if>
        </trim>
    </insert>
    <update id="updateByPrimaryKeySelective" parameterType="org.zjsru.domain.Idcard">
        update tb_idcard
        <set>
                <if test="code != null">
                    code = #{code,jdbcType=VARCHAR},
                </if>
        </set>
        where   id = #{id,jdbcType=INTEGER} 
    </update>
    <update id="updateByPrimaryKey" parameterType="org.zjsru.domain.Idcard">
        update tb_idcard
        set 
            code =  #{code,jdbcType=VARCHAR}
        where   id = #{id,jdbcType=INTEGER} 
    </update>
</mapper>
