<?xml version="1.0" encoding="UTF-8"?>
<!DOCTYPE mapper
        PUBLIC "-//mybatis.org//DTD Mapper 3.0//EN"
        "http://mybatis.org/dtd/mybatis-3-mapper.dtd">
<mapper namespace="org.zjsru.mapper.OrdersMapper">

    <resultMap id="BaseResultMap" type="org.zjsru.domain.Orders">
            <id property="id" column="id" jdbcType="INTEGER"/>
            <result property="number" column="number" jdbcType="VARCHAR"/>
            <result property="userId" column="user_id" jdbcType="INTEGER"/>
    </resultMap>

    <sql id="Base_Column_List">
        id,number,user_id
    </sql>

    <select id="selectByPrimaryKey" parameterType="java.lang.Long" resultMap="BaseResultMap">
        select
        <include refid="Base_Column_List" />
        from tb_orders
        where  id = #{id,jdbcType=INTEGER} 
    </select>

    <delete id="deleteByPrimaryKey" parameterType="java.lang.Long">
        delete from tb_orders
        where  id = #{id,jdbcType=INTEGER} 
    </delete>
    <insert id="insert" keyColumn="id" keyProperty="id" parameterType="org.zjsru.domain.Orders" useGeneratedKeys="true">
        insert into tb_orders
        ( id,number,user_id
        )
        values (#{id,jdbcType=INTEGER},#{number,jdbcType=VARCHAR},#{userId,jdbcType=INTEGER}
        )
    </insert>
    <insert id="insertSelective" keyColumn="id" keyProperty="id" parameterType="org.zjsru.domain.Orders" useGeneratedKeys="true">
        insert into tb_orders
        <trim prefix="(" suffix=")" suffixOverrides=",">
                <if test="id != null">id,</if>
                <if test="number != null">number,</if>
                <if test="userId != null">userId,</if>
        </trim>
        <trim prefix="values (" suffix=")" suffixOverrides=",">
                <if test="id != null">#{id,jdbcType=INTEGER},</if>
                <if test="number != null">#{number,jdbcType=VARCHAR},</if>
                <if test="userId != null">#{userId,jdbcType=INTEGER},</if>
        </trim>
    </insert>
    <update id="updateByPrimaryKeySelective" parameterType="org.zjsru.domain.Orders">
        update tb_orders
        <set>
                <if test="number != null">
                    number = #{number,jdbcType=VARCHAR},
                </if>
                <if test="userId != null">
                    user_id = #{userId,jdbcType=INTEGER},
                </if>
        </set>
        where   id = #{id,jdbcType=INTEGER} 
    </update>
    <update id="updateByPrimaryKey" parameterType="org.zjsru.domain.Orders">
        update tb_orders
        set 
            number =  #{number,jdbcType=VARCHAR},
            user_id =  #{userId,jdbcType=INTEGER}
        where   id = #{id,jdbcType=INTEGER} 
    </update>
</mapper>
