<?xml version="1.0" encoding="UTF-8"?>
<!DOCTYPE mapper
        PUBLIC "-//mybatis.org//DTD Mapper 3.0//EN"
        "http://mybatis.org/dtd/mybatis-3-mapper.dtd">
<mapper namespace="org.zjsru.mapper.PersonMapper">

    <resultMap id="BaseResultMap" type="org.zjsru.domain.Person">
            <id property="id" column="id" jdbcType="INTEGER"/>
            <result property="name" column="name" jdbcType="VARCHAR"/>
            <result property="age" column="age" jdbcType="INTEGER"/>
            <result property="sex" column="sex" jdbcType="VARCHAR"/>
    </resultMap>
    <resultMap id="CardResultMap" type="org.zjsru.domain.Person">
        <id column="id" property="id"/>
        <result column="name" property="name"/>
        <result column="age" property="age"/>
        <result column="sex" property="sex"/>
        <association property="card" javaType="org.zjsru.domain.Idcard">
            <id column="card_id" property="id"/>
            <result column="code" property="code"/>
        </association>
    </resultMap>
    <resultMap id="CardResultMap2" type="org.zjsru.domain.Person">
        <id column="id" property="id"/>
        <result column="name" property="name"/>
        <result column="age" property="age"/>
        <result column="sex" property="sex"/>
        <!--一对一映射，使用select属性引入另外一条语句-->
        <association property="card" javaType="org.zjsru.domain.Idcard" column="card_id"
                     select="org.zjsru.mapper.IdcardMapper.findCodeById" >
        </association>
    </resultMap>

    <resultMap id="PersonWithCodeMap" type="org.zjsru.domain.Person">
        <id column="id" property="id"/>
        <result column="name" property="name"/>
        <result column="sex" property="sex"/>
        <result column="age" property="age"/>
        <association property="card" javaType="org.zjsru.domain.Idcard">
            <id column="card_id" property="id"/>
            <result column="code" property="code"/>
        </association>
    </resultMap>

    <sql id="Base_Column_List">
        id,name,age,
        sex,card_id
    </sql>

    <select id="selectByPrimaryKey" parameterType="java.lang.Long" resultMap="BaseResultMap">
        select
        <include refid="Base_Column_List" />
        from tb_person
        where  id = #{id,jdbcType=INTEGER} 
    </select>
    <select id="findPersonById2" resultMap="CardResultMap2">
        select  * from tb_person where id = #{id}
    </select>
    <select id="findPersonWithCodeById" resultMap="PersonWithCodeMap">
        select p.*,card.code from tb_person p,tb_idcard card where p.card_id=card.id and p.id=#{id}
    </select>

    <delete id="deleteByPrimaryKey" parameterType="java.lang.Long">
        delete from tb_person
        where  id = #{id,jdbcType=INTEGER} 
    </delete>
    <insert id="insert" keyColumn="id" keyProperty="id" parameterType="org.zjsru.domain.Person" useGeneratedKeys="true">
        insert into tb_person
        ( id,name,age
        ,sex,card_id)
        values (#{id,jdbcType=INTEGER},#{name,jdbcType=VARCHAR},#{age,jdbcType=INTEGER}
        ,#{sex,jdbcType=VARCHAR},#{cardId,jdbcType=INTEGER})
    </insert>
    <insert id="insertSelective" keyColumn="id" keyProperty="id" parameterType="org.zjsru.domain.Person" useGeneratedKeys="true">
        insert into tb_person
        <trim prefix="(" suffix=")" suffixOverrides=",">
                <if test="id != null">id,</if>
                <if test="name != null">name,</if>
                <if test="age != null">age,</if>
                <if test="sex != null">sex,</if>
                <if test="cardId != null">card_id,</if>
        </trim>
        <trim prefix="values (" suffix=")" suffixOverrides=",">
                <if test="id != null">#{id,jdbcType=INTEGER},</if>
                <if test="name != null">#{name,jdbcType=VARCHAR},</if>
                <if test="age != null">#{age,jdbcType=INTEGER},</if>
                <if test="sex != null">#{sex,jdbcType=VARCHAR},</if>
                <if test="cardId != null">#{cardId,jdbcType=INTEGER},</if>
        </trim>
    </insert>
    <update id="updateByPrimaryKeySelective" parameterType="org.zjsru.domain.Person">
        update tb_person
        <set>
                <if test="name != null">
                    name = #{name,jdbcType=VARCHAR},
                </if>
                <if test="age != null">
                    age = #{age,jdbcType=INTEGER},
                </if>
                <if test="sex != null">
                    sex = #{sex,jdbcType=VARCHAR},
                </if>
                <if test="cardId != null">
                    card_id = #{cardId,jdbcType=INTEGER},
                </if>
        </set>
        where   id = #{id,jdbcType=INTEGER} 
    </update>
    <update id="updateByPrimaryKey" parameterType="org.zjsru.domain.Person">
        update tb_person
        set 
            name =  #{name,jdbcType=VARCHAR},
            age =  #{age,jdbcType=INTEGER},
            sex =  #{sex,jdbcType=VARCHAR},
            card_id =  #{cardId,jdbcType=INTEGER}
        where   id = #{id,jdbcType=INTEGER} 
    </update>
</mapper>
