<?xml version="1.0" encoding="UTF-8"?>
<!DOCTYPE mapper
        PUBLIC "-//mybatis.org//DTD Mapper 3.0//EN"
        "http://mybatis.org/dtd/mybatis-3-mapper.dtd">
<mapper namespace="org.zjsru.mapper.StudentMapper">

    <resultMap id="BaseResultMap" type="org.zjsru.domain.Student">
            <id property="studentId" column="student_id" jdbcType="INTEGER"/>
            <result property="studentName" column="student_name" jdbcType="VARCHAR"/>
    </resultMap>
    <resultMap id="StudentMap" type="org.zjsru.domain.Student">
        <id column="id" property="studentId"/>
        <result column="name" property="studentName"/>

        <association property="studentId" javaType="org.zjsru.domain.StudentCourse">
            <result column="id" property="id"/>
            <result column="studentId" property="studentId"/>
            <result column="courseId" property="courseId"/>
        </association>
    </resultMap>

    <sql id="Base_Column_List">
        student_id,student_name
    </sql>

    <select id="selectByPrimaryKey" parameterType="java.lang.Long" resultMap="BaseResultMap">
        select
        <include refid="Base_Column_List" />
        from tb_student
        where  student_id = #{studentId,jdbcType=INTEGER} 
    </select>
    <select id="findStudentByName" parameterType="string" resultMap="StudentMap">
    </select>
    <select id="findStudentWithOrders" resultType="org.zjsru.domain.FindStudentWithOrdersDtoD">
        select
            t1.student_id,
            t1.student_name,
            t2.course_id,
            t3.c_name
        from tb_student t1 LEFT JOIN tb_student_course t2
                                     on t1.student_id = t2.student_id
                           LEFT JOIN tb_course t3
                                     on t2.course_id = t3.c_id
    </select>

    <delete id="deleteByPrimaryKey" parameterType="java.lang.Long">
        delete from tb_student
        where  student_id = #{studentId,jdbcType=INTEGER} 
    </delete>
    <insert id="insert" keyColumn="student_id" keyProperty="studentId" parameterType="org.zjsru.domain.Student" useGeneratedKeys="true">
        insert into tb_student
        ( student_id,student_name)
        values (#{studentId,jdbcType=INTEGER},#{studentName,jdbcType=VARCHAR})
    </insert>
    <insert id="insertSelective" keyColumn="student_id" keyProperty="studentId" parameterType="org.zjsru.domain.Student" useGeneratedKeys="true">
        insert into tb_student
        <trim prefix="(" suffix=")" suffixOverrides=",">
                <if test="studentId != null">student_id,</if>
                <if test="studentName != null">student_name,</if>
        </trim>
        <trim prefix="values (" suffix=")" suffixOverrides=",">
                <if test="studentId != null">#{studentId,jdbcType=INTEGER},</if>
                <if test="studentName != null">#{studentName,jdbcType=VARCHAR},</if>
        </trim>
    </insert>
    <update id="updateByPrimaryKeySelective" parameterType="org.zjsru.domain.Student">
        update tb_student
        <set>
                <if test="studentName != null">
                    student_name = #{studentName,jdbcType=VARCHAR},
                </if>
        </set>
        where   student_id = #{studentId,jdbcType=INTEGER} 
    </update>
    <update id="updateByPrimaryKey" parameterType="org.zjsru.domain.Student">
        update tb_student
        set 
            student_name =  #{studentName,jdbcType=VARCHAR}
        where   student_id = #{studentId,jdbcType=INTEGER} 
    </update>
</mapper>
