<?xml version="1.0" encoding="UTF-8"?>
<!DOCTYPE mapper
        PUBLIC "-//mybatis.org//DTD Mapper 3.0//EN"
        "http://mybatis.org/dtd/mybatis-3-mapper.dtd">
<mapper namespace="org.zjsru.mapper.StudentCourseMapper">

    <resultMap id="BaseResultMap" type="org.zjsru.domain.StudentCourse">
            <id property="id" column="id" jdbcType="INTEGER"/>
            <result property="studentId" column="student_id" jdbcType="INTEGER"/>
            <result property="courseId" column="course_id" jdbcType="INTEGER"/>
    </resultMap>

    <sql id="Base_Column_List">
        id,student_id,course_id
    </sql>

    <select id="selectByPrimaryKey" parameterType="java.lang.Long" resultMap="BaseResultMap">
        select
        <include refid="Base_Column_List" />
        from tb_student_course
        where  id = #{id,jdbcType=INTEGER} 
    </select>

    <delete id="deleteByPrimaryKey" parameterType="java.lang.Long">
        delete from tb_student_course
        where  id = #{id,jdbcType=INTEGER} 
    </delete>
    <insert id="insert" keyColumn="id" keyProperty="id" parameterType="org.zjsru.domain.StudentCourse" useGeneratedKeys="true">
        insert into tb_student_course
        ( id,student_id,course_id
        )
        values (#{id,jdbcType=INTEGER},#{studentId,jdbcType=INTEGER},#{courseId,jdbcType=INTEGER}
        )
    </insert>
    <insert id="insertSelective" keyColumn="id" keyProperty="id" parameterType="org.zjsru.domain.StudentCourse" useGeneratedKeys="true">
        insert into tb_student_course
        <trim prefix="(" suffix=")" suffixOverrides=",">
                <if test="id != null">id,</if>
                <if test="studentId != null">student_id,</if>
                <if test="courseId != null">course_id,</if>
        </trim>
        <trim prefix="values (" suffix=")" suffixOverrides=",">
                <if test="id != null">#{id,jdbcType=INTEGER},</if>
                <if test="studentId != null">#{studentId,jdbcType=INTEGER},</if>
                <if test="courseId != null">#{courseId,jdbcType=INTEGER},</if>
        </trim>
    </insert>
    <update id="updateByPrimaryKeySelective" parameterType="org.zjsru.domain.StudentCourse">
        update tb_student_course
        <set>
                <if test="studentId != null">
                    student_id = #{studentId,jdbcType=INTEGER},
                </if>
                <if test="courseId != null">
                    course_id = #{courseId,jdbcType=INTEGER},
                </if>
        </set>
        where   id = #{id,jdbcType=INTEGER} 
    </update>
    <update id="updateByPrimaryKey" parameterType="org.zjsru.domain.StudentCourse">
        update tb_student_course
        set 
            student_id =  #{studentId,jdbcType=INTEGER},
            course_id =  #{courseId,jdbcType=INTEGER}
        where   id = #{id,jdbcType=INTEGER} 
    </update>
</mapper>
