<?xml version="1.0" encoding="UTF-8" ?>
<!DOCTYPE mapper
        PUBLIC "-//mybatis.org//DTD Mapper 3.0//EN"
        "http://mybatis.org/dtd/mybatis-3-mapper.dtd">
<mapper namespace="org.zjsru.mapper.UserMapper">
    <update id="updateUser">
        update users set uname=#{uname},uage=#{uage} where uid=#{uid}
    </update>
    <delete id="deleteUser">
        delete from users where uid=#{id};
    </delete>
    <select id="findAll" resultType="user">
        select * from users
    </select>
    <select id="findUserByName" resultType="org.zjsru.domain.User">

    </select>
    <insert id="addUser" parameterType="org.zjsru.domain.User" keyProperty="uid" useGeneratedKeys="true">
        insert into users (uname,uage) values (#{uname},#{uage})
    </insert>
</mapper>