<?xml version="1.0" encoding="UTF-8" ?>
<!DOCTYPE configuration
        PUBLIC "-//mybatis.org//DTD Config 3.0//EN"
        "http://mybatis.org/dtd/mybatis-3-config.dtd">
<configuration>
    <properties resource="db.properties"/>
    <typeAliases>
        <!--给相关的类定义别名-->
      <!--  <typeAlias type="org.zjsru.domain.User" alias="user"/>
        <typeAlias type="org.zjsru.domain.Order" alias="order"/>
        <typeAlias type="org.zjsru.domain.Product" alias="product"/>-->
        <!--给整个包下面的所有的类定义别名-->
        <package name="org.zjsru.domain"/>
    </typeAliases>
    <environments default="mysql">
        <environment id="mysql">
            <transactionManager type="JDBC"/>
            <dataSource type="POOLED">
                <property name="driver" value="${mysql.driver}"/>
                <property name="url" value="${mysql.url}"/>
                <property name="username" value="${mysql.username}"/>
                <property name="password" value="${mysql.password}"/>
            </dataSource>
        </environment>
       <!-- <environment id="sqlserver">
            <transactionManager type="JDBC"></transactionManager>
            <dataSource type="POOLED">
                <property name="driver" value="${mysql.driver}"/>
                <property name="url" value="${mysql.url}"/>
                <property name="username" value="${mysql.username}"/>
                <property name="password" value="${mysql.password}"/>
            </dataSource>
        </environment>-->
    </environments>
    <mappers>
        <!--告诉mybatis映射文件在哪里-->
        <!--<mapper resource="org/zjsru/mapper/UserMapper.xml"/>-->
        <!--以接口类的形式引入映射文件-->
        <!--<mapper class="org.zjsru.mapper.UserMapper"/>-->
        <!--以包名的形式引入映射文件-->
        <package name="org.zjsru.mapper"/>
    </mappers>
</configuration>