<?xml version="1.0" encoding="UTF-8"?>
<beans xmlns="http://www.springframework.org/schema/beans"
       xmlns:context="http://www.springframework.org/schema/context"
       xmlns:mvc="http://www.springframework.org/schema/mvc"
       xmlns:xsi="http://www.w3.org/2001/XMLSchema-instance"
       xsi:schemaLocation="http://www.springframework.org/schema/beans http://www.springframework.org/schema/beans/spring-beans.xsd
                            http://www.springframework.org/schema/context http://www.springframework.org/schema/context/spring-context.xsd
                            http://www.springframework.org/schema/mvc http://www.springframework.org/schema/mvc/spring-mvc.xsd">
<context:component-scan base-package="org.zjsru.controller"/>
    <!--<bean class="org.springframework.web.servlet.mvc.method.annotation.RequestMappingHandlerAdapter"/>
    <bean class="org.springframework.web.servlet.mvc.SimpleControllerHandlerAdapter"/>
    <bean class="org.springframework.web.servlet.mvc.HttpRequestHandlerAdapter"/>-->
    <!--视图解析器-->
    <bean id="ViewResolver" class="org.springframework.web.servlet.view.InternalResourceViewResolver">
        <property name="suffix" value=".jsp"/>
        <property name="prefix" value="/WEB-INF/page/"/>
    </bean>
    <!--使得MVC的相关注解起作用-->
    <mvc:annotation-driven/>
    <mvc:interceptors>
        <!--对所有请求进行拦截-->
        <bean class="org.zjsru.interceptor.LoginInterceptor"/>
    </mvc:interceptors>
</beans>